"species","lon","lat","bio_1","bio_10","bio_11","bio_12","bio_13","bio_14","bio_15","bio_16","bio_17","bio_2","bio_3","bio_4","bio_5","bio_6","bio_7","pc_1","pc_2","pc_3","pc_4","pc_5"
"Boana rosenbergi",-83.591181,8.478422,2992,2999,2986,38373,6060,650,560,16136,2466,30,659,491,3019,2974,45,5.62853384017944,1.9137419462204,0.701801300048828,1.73393595218658,-1.82003498077393
"Boana rosenbergi",-83.50139,8.69602,2988,2996,2982,43474,6853,697,564,18020,2685,47,681,539,3031,2962,69,5.91372680664062,2.16245794296265,0.807554721832275,2.65212988853455,-1.11187696456909
"Boana rosenbergi",-83.663884,8.689636,2991,2999,2985,40760,6496,622,579,17447,2341,31,629,541,3021,2972,49,5.81007480621338,2.01704096794128,0.821787774562836,2.24423789978027,-1.88898801803589
"Boana rosenbergi",-79.694968,9.119176,2990,2994,2987,26882,4055,214,587,10793,1038,51,789,292,3028,2964,64,4.10578918457031,-0.108669303357601,0.747767090797424,0.289867609739304,-1.34002494812012
"Boana rosenbergi",-84.154904,9.405203,2985,2991,2981,55940,7976,1073,514,22086,3792,29,652,427,3009,2964,45,7.18457698822021,3.99845290184021,1.03626096248627,3.44611597061157,-1.4135639667511
"Boana rosenbergi",-84.581093,9.78703,2979,2986,2974,35373,5929,263,713,16626,1007,44,694,451,3019,2956,63,5.04317808151245,0.801191627979279,1.52912700176239,2.12960910797119,-1.77567601203918
"Boana rosenbergi",-83.298207,8.389043,2984,2991,2978,40879,6621,739,559,16823,2762,20,596,476,3004,2971,33,5.83531999588013,2.56542611122131,0.923335671424866,1.93776595592499,-2.18857502937317
"Boana rosenbergi",-83.284129,8.662777,2984,2990,2979,40204,6098,779,526,15883,2962,41,686,419,3020,2960,60,5.53174591064453,2.24537801742554,0.679272472858429,1.76691102981567,-1.18753397464752
"Boana rosenbergi",-79.034958,1.02854,2983,2987,2980,26198,3619,1113,394,9977,3732,53,836,284,3017,2954,63,4.29848384857178,1.78585600852966,-0.1190529987216,-0.72650271654129,-0.0742831900715828
"Boana rosenbergi",-79.446259,-0.000458,2977,2981,2972,26345,4795,423,789,14234,1735,62,827,335,3016,2941,75,4.39087104797363,0.335703313350677,1.48946797847748,1.08820295333862,-0.597550094127655
"Boana rosenbergi",-84.62782,9.68102,2989,2996,2984,33470,5646,231,723,16043,882,29,632,437,3017,2971,46,5.08414316177368,0.677179992198944,1.30467104911804,1.8116250038147,-2.45083093643188
"Boana rosenbergi",-83.87884,9.276017,2982,2987,2977,65535,9320,1723,452,26466,6207,28,667,384,3004,2962,42,8.50435638427734,6.14827823638916,0.856874883174896,4.32726812362671,-0.571874678134918
"Boana rosenbergi",-80.644387,-1.897451,2967,2987,2950,8677,2058,49,1020,5477,170,53,619,1492,3012,2927,85,1.83586895465851,-1.81541097164154,1.10260701179504,-0.834041774272919,-1.6242790222168
"Boana rosenbergi",-79.800331,-0.737666,2973,2980,2965,17743,4030,191,968,10952,701,56,786,596,3009,2938,71,3.48989200592041,-0.80294668674469,1.76618897914886,0.405253410339355,-1.15510499477386
"Boana rosenbergi",-83.306717,8.527226,2992,2999,2986,34482,5443,640,544,13897,2416,28,645,479,3019,2976,43,5.18743801116943,1.63041400909424,0.480144113302231,1.08041703701019,-1.89853298664093
"Boana rosenbergi",-84.974864,10.55542,2957,2965,2948,31351,4333,718,500,12485,2431,62,643,638,3016,2919,97,3.7280900478363,1.55365002155304,0.667793095111847,0.764921188354492,-0.576526284217834
"Boana rosenbergi",-84.612023,9.757048,2987,2994,2982,32812,5513,237,717,15540,904,37,655,466,3022,2966,56,4.90617895126343,0.541211187839508,1.25395500659943,1.76199102401733,-2.10494995117188
"Boana rosenbergi",-77.200669,3.842128,2985,2990,2983,65535,11579,4784,241,34292,17250,26,757,284,3002,2968,34,11.6586503982544,13.1234903335571,-1.53985297679901,4.12787008285522,3.68757510185242
"Boana rosenbergi",-74.6436,6.5469,2980,2987,2972,31532,4041,770,402,11093,3279,86,809,533,3040,2934,106,3.99345302581787,1.19328200817108,-0.0303663108497858,0.452074110507965,0.742558479309082
"Boana rosenbergi",-78.501304,1.173285,2970,2976,2966,65535,8470,3988,233,23054,13524,49,799,407,3003,2942,61,9.05660533905029,10.3241701126099,-1.36079096794128,2.2753210067749,3.46965408325195
"Boana rosenbergi",-78.602759,1.000246,2960,2966,2956,65535,9312,4370,233,25535,14989,45,810,382,2990,2934,56,9.59196758270264,11.541919708252,-1.21345400810242,2.55689811706543,3.84986209869385
"Boana rosenbergi",-76.058,8.1719,2999,3005,2994,16761,2317,312,536,6469,1125,70,749,446,3052,2959,93,2.88529300689697,-1.05169796943665,-0.279066413640976,-0.878713428974152,-0.545044779777527
"Boana rosenbergi",-79.205316,9.289565,2983,2988,2979,30950,4878,239,600,12871,1067,54,816,337,3020,2954,66,4.48271417617798,0.315031796693802,1.17133700847626,0.954450190067291,-1.21506595611572
"Boana rosenbergi",-79.703333,0.355833,2961,2966,2958,19599,3731,324,805,10582,1135,62,894,290,3000,2931,69,3.47969889640808,-0.258697986602783,1.78832697868347,-0.0856680572032928,-0.635830700397491
"Boana rosenbergi",-83.20045,8.701051,2980,2986,2976,52185,7758,1067,513,20292,4020,47,687,388,3020,2951,69,6.65906095504761,3.62642288208008,0.897785484790802,3.22562909126282,-0.628856718540192
"Boana rosenbergi",-79.5,9.1333,2986,2991,2982,26177,3795,174,610,10608,788,53,781,344,3027,2959,68,3.87954592704773,-0.282816797494888,0.832204818725586,0.239733099937439,-1.34361505508423
"Boana rosenbergi",-76.944444,3.672778,2986,2991,2984,65535,10930,4599,225,31203,16655,36,764,287,3008,2961,47,11.0474901199341,12.4380102157593,-1.68516302108765,3.71924495697021,3.85931205749512
"Boana rosenbergi",-76.897888,3.839861,2983,2988,2981,65535,8947,3549,237,25499,13004,40,776,287,3008,2957,51,9.46686840057373,9.85160446166992,-1.17295002937317,2.86891293525696,2.6570200920105
"Boana rosenbergi",-79.034722,0.083333,2953,2958,2949,38870,6305,1028,585,17486,3876,51,803,366,2981,2917,64,5.38460493087769,3.1422700881958,1.65839505195618,1.67291402816772,-0.334659904241562
"Boana rosenbergi",-79.4,-0.01941,2975,2979,2970,27453,4957,454,775,14666,1871,61,823,348,3013,2939,74,4.48434495925903,0.551693975925446,1.53314197063446,1.1857750415802,-0.606113910675049
"Boana rosenbergi",-79.053889,0.256944,2963,2969,2959,39130,6159,1112,561,17117,4141,53,804,384,2993,2927,66,5.51194190979004,3.10333108901978,1.23858201503754,1.60237598419189,-0.138728097081184
"Boana rosenbergi",-79.85,-0.033333,2967,2973,2963,14396,3114,148,910,8523,601,59,848,395,3006,2936,70,2.97729301452637,-1.11525702476501,1.68781304359436,-0.475673288106918,-0.97170352935791
"Boana rosenbergi",-76.981849,4.002628,2984,2989,2981,61466,7138,2741,247,19834,9859,45,757,345,3014,2955,59,7.89516687393188,7.4675760269165,-0.985490798950195,1.93880605697632,1.71171200275421
"Boana rosenbergi",-76.968401,3.942106,2984,2988,2980,65535,7560,2913,246,21238,10598,43,760,335,3012,2956,56,8.36585235595703,8.12979698181152,-0.997082829475403,2.26217794418335,1.89408898353577
"Boana rosenbergi",-79.058056,-0.292778,2954,2960,2950,37183,6298,901,643,17909,3415,47,794,356,2982,2923,59,5.37208223342896,2.78525900840759,1.82738697528839,1.76372897624969,-0.661271691322327
"Boana rosenbergi",-79.2667,0.1167,2977,2982,2973,24956,4242,505,699,12391,1985,59,836,320,3012,2941,71,4.15186500549316,0.458790510892868,1.16680896282196,0.413498997688293,-0.588396787643433
"Boana rosenbergi",-84.13068,9.43082,2990,2996,2986,58682,8305,1163,505,23031,4131,32,667,427,3016,2968,48,7.5399341583252,4.23668384552002,0.906249701976776,3.7692859172821,-1.16218900680542
"Boana rosenbergi",-79.4294,-0.624444,2968,2977,2958,31272,5516,488,768,16414,2112,50,705,719,3003,2932,71,4.67313289642334,1.23274803161621,1.60865497589111,1.74299597740173,-1.16030597686768
"Boana rosenbergi",-79.1336,-0.258611,2955,2961,2950,38679,6697,828,682,19184,3261,50,794,396,2985,2922,63,5.55496692657471,2.71906495094299,2.00698304176331,2.24532699584961,-0.64341002702713
"Boana rosenbergi",-79.73156,9.149713,2990,2994,2986,30674,4792,259,582,12269,1254,52,801,317,3028,2963,65,4.53629302978516,0.272643208503723,0.878402411937714,0.836928427219391,-1.24411404132843
"Boana rosenbergi",-79.366699,-0.55,2968,2977,2959,33114,5801,551,749,17154,2372,51,713,663,3004,2932,72,4.90016508102417,1.50060105323792,1.5944550037384,1.94782197475433,-1.03190195560455
"Boana rosenbergi",-79.683333,9.083333,2991,2995,2987,26127,3879,200,589,10509,979,48,800,315,3027,2967,60,4.07967805862427,-0.181791692972183,0.733388423919678,0.12474449723959,-1.44754004478455
"Boana rosenbergi",-79.570014,9.008868,2994,2998,2990,22499,3240,137,609,9108,680,45,784,311,3029,2972,57,3.73319792747498,-0.625899374485016,0.59041428565979,-0.350176095962524,-1.64795100688934
"Boana rosenbergi",-79.566667,9.05,2990,2995,2986,24213,3450,156,605,9780,756,47,783,325,3027,2967,60,3.81227993965149,-0.435973614454269,0.692868888378143,-0.127590194344521,-1.5628000497818
"Boana rosenbergi",-78.917778,0.748611,2982,2987,2979,34356,5069,1447,414,13590,5026,51,812,340,3015,2952,63,5.33529090881348,3.11040902137756,-0.0457325987517834,0.370744913816452,0.253751188516617
"Boana rosenbergi",-79.816667,9.083333,2991,2995,2987,27137,4222,255,568,10780,1232,50,800,293,3027,2965,62,4.21433401107788,0.0426525883376598,0.70805549621582,0.283088386058807,-1.30458402633667
"Boana rosenbergi",-79.616355,9.211467,2990,2995,2986,26369,3931,214,590,10610,991,56,795,346,3031,2961,70,3.98629593849182,-0.235462099313736,0.699333786964417,0.284911811351776,-1.15439701080322
"Boana rosenbergi",-79.644764,9.064972,2990,2995,2987,24578,3582,175,595,9900,860,47,790,301,3026,2967,59,3.89130902290344,-0.339824795722961,0.700732171535492,-0.0943038016557693,-1.52713298797607
"Boana rosenbergi",-80.016667,-1.316667,2981,2988,2973,14001,3314,95,1035,8861,343,60,793,595,3018,2943,75,3.08632111549377,-1.57651603221893,1.569620013237,-0.043476790189743,-1.07232999801636
"Boana rosenbergi",-79.183333,0.1,2971,2976,2967,27091,4535,592,661,12987,2318,57,824,320,3003,2934,69,4.27750301361084,0.969567179679871,1.26108396053314,0.526892483234406,-0.58441549539566
"Boana rosenbergi",-83.83,9.28,2983,2988,2978,65535,9960,1916,450,28514,6752,32,683,372,3007,2960,47,8.8998384475708,6.59219121932983,0.847550094127655,4.76845598220825,-0.194268196821213
"Boana rosenbergi",-83.4586665598027,8.66555076535322,2990,2997,2984,35899,5618,600,555,14689,2313,46,687,527,3032,2965,67,5.12701511383057,1.40717804431915,0.536646127700806,1.55661499500275,-1.22445499897003
"Boana rosenbergi",-84.0291,10.4099,2973,2981,2962,39917,4547,1583,302,12541,5146,63,705,729,3021,2931,90,4.79015493392944,3.52019095420837,-0.51593291759491,0.453070998191833,0.641849398612976
"Boana rosenbergi",-83.496614,8.576698,2985,2992,2980,45035,7083,768,556,18599,2935,41,698,469,3022,2963,59,6.16564178466797,2.55244994163513,0.961162328720093,2.66178703308105,-1.22268795967102
"Boana rosenbergi",-83.515177,8.555987,2983,2989,2978,44446,7003,761,558,18491,2899,39,703,446,3017,2962,55,6.116614818573,2.57033395767212,1.05490505695343,2.54207992553711,-1.30136704444885
"Boana rosenbergi",-79.13712,-0.3446,2956,2962,2951,39262,6734,894,672,19353,3435,48,778,432,2986,2924,62,5.63671493530273,2.88850688934326,1.90366899967194,2.26633501052856,-0.661639094352722
"Boana rosenbergi",-79.765506,-2.915161,2967,2985,2950,18676,3987,412,801,10291,1446,26,413,1427,2998,2935,63,3.0877571105957,0.446587204933167,0.824202418327332,0.281541794538498,-2.57543301582336
"Boana rosenbergi",-79.183334,-1.766667,2938,2947,2928,23181,4916,266,897,13450,1004,58,709,734,2975,2893,82,3.33475208282471,0.462227195501328,2.55069899559021,1.09467101097107,-1.18813896179199
"Boana rosenbergi",-79.465556,-0.996667,2967,2977,2956,26848,5132,294,857,14874,1282,46,673,816,3001,2932,69,4.18800687789917,0.496546804904938,1.78628695011139,1.46248304843903,-1.6092129945755
"Boana rosenbergi",-84.155953,9.442887,2991,2997,2986,55370,7935,1054,515,21926,3746,33,655,443,3017,2967,50,7.17554616928101,3.78784894943237,0.876255929470062,3.48941111564636,-1.27931904792786
"Boana rosenbergi",-83.593314,9.059144,2981,2989,2975,61383,9023,1250,518,24581,4386,53,674,524,3027,2949,78,7.56564998626709,4.44661617279053,1.02449905872345,4.60319519042969,-0.293239891529083
"Boana rosenbergi",-79.665321,0.37304,2965,2969,2961,19329,3633,330,799,10411,1150,62,887,295,3003,2933,70,3.47064590454102,-0.316027909517288,1.66749203205109,-0.133446201682091,-0.634278893470764
"Boana rosenbergi",-83.337372,8.404097,2993,3000,2987,38440,6205,687,559,15867,2583,22,619,484,3014,2979,35,5.71171808242798,2.10487198829651,0.663324773311615,1.6608749628067,-2.12772798538208
"Boana rosenbergi",-83.408937,8.520053,2982,2988,2977,44174,6978,780,550,18006,2970,35,704,433,3013,2964,49,6.11522912979126,2.6552140712738,1.05623602867126,2.37088108062744,-1.41772902011871
"Boana rosenbergi",-82.961118,8.811987,2928,2932,2924,51592,7904,927,548,20468,3525,63,718,332,2977,2890,87,5.65087509155273,3.96150493621826,2.36487293243408,3.29774689674377,-0.229961603879929
"Boana rosenbergi",-79.56472,8.980303,2994,2998,2990,22522,3273,130,612,9134,656,43,779,315,3028,2973,55,3.75586605072021,-0.610587179660797,0.609075725078583,-0.348322808742523,-1.73829102516174
"Boana rosenbergi",-83.732597,9.191758,2966,2971,2961,65535,10305,1932,464,29177,6542,33,679,383,2992,2943,49,8.73647117614746,6.86209011077881,1.35473704338074,4.94114589691162,-0.21861420571804
"Boana rosenbergi",-83.712653,9.133815,2983,2988,2978,65535,9069,1583,479,25379,5346,33,668,421,3010,2961,49,8.20698928833008,5.55465078353882,0.915858626365662,4.31577205657959,-0.628498017787933
"Boana rosenbergi",-77.988488,8.133323,2995,3002,2991,24692,3337,289,532,9182,1190,60,749,437,3042,2962,80,3.65378189086914,-0.355126708745956,0.134481400251389,-0.0738717168569565,-0.967520713806152
"Boana rosenbergi",-83.664421,8.642761,2984,2991,2978,45309,7214,704,578,19419,2651,30,641,494,3012,2966,46,6.24615383148193,2.64726305007935,1.15857195854187,2.77479696273804,-1.82838797569275
"Boana rosenbergi",-83.138114,8.384849,2991,2998,2986,35704,5740,690,550,14592,2540,28,631,467,3017,2973,44,5.32854413986206,1.84429597854614,0.542684018611908,1.30729901790619,-1.87315702438354
"Boana rosenbergi",-79.221088,-1.200585,2959,2968,2948,34036,6571,365,829,18710,1585,48,678,774,2992,2921,71,4.92826986312866,1.4028799533844,2.27842998504639,2.60443902015686,-1.50825095176697
"Boana rosenbergi",-83.32602,8.994653,2955,2962,2950,52660,7981,867,548,21216,3324,74,695,507,3017,2910,107,5.9571590423584,3.30206990242004,1.59158802032471,3.89325308799744,0.0743264332413673
"Boana rosenbergi",-84.536839,9.919599,2986,2996,2979,32878,5522,238,717,15397,972,62,681,650,3046,2955,91,4.62530899047852,0.168043196201324,0.998757779598236,2.16230797767639,-1.12059199810028
"Boana rosenbergi",-84.656192,9.656099,2993,3000,2987,30278,5126,196,728,14579,750,25,608,462,3017,2976,41,4.79416608810425,0.374034911394119,1.11706602573395,1.34072995185852,-2.65900492668152
"Boana rosenbergi",-79.692118,9.154199,2987,2991,2983,30713,4697,251,585,12318,1207,53,810,290,3025,2960,65,4.47577810287476,0.273840695619583,0.970648109912872,0.798073470592499,-1.20938205718994
"Boana rosenbergi",-75.191489,9.898689,2977,2983,2970,17558,2323,277,484,6584,1250,72,663,486,3037,2929,108,2.35418510437012,-0.58175128698349,-0.00170919101219624,-0.793172776699066,-0.624622285366058
"Boana rosenbergi",-79.781867,9.006433,2991,2995,2987,23923,3549,203,576,9576,998,45,794,290,3025,2968,57,3.88861608505249,-0.267232805490494,0.631917715072632,-0.238290101289749,-1.54847300052643
"Boana rosenbergi",-84.058407,9.472044,2984,2990,2979,65535,9417,1384,494,26232,5010,38,682,414,3013,2957,56,8.2394552230835,5.24529314041138,1.12014603614807,4.70984601974487,-0.649362087249756
"Boana rosenbergi",-83.82285,9.218133,2980,2985,2975,65535,9300,1725,457,26390,6088,27,671,386,3001,2961,40,8.47521018981934,6.14878416061401,0.937715411186218,4.28835391998291,-0.624851882457733
"Boana rosenbergi",-79.662289,9.150316,2992,2996,2988,27817,4163,220,589,11183,1052,53,790,330,3031,2964,67,4.1903772354126,-0.0943248495459557,0.72095912694931,0.452538788318634,-1.26289701461792
"Boana rosenbergi",-82.645251,8.549347,2971,2979,2965,59541,9122,886,565,24097,3554,69,683,551,3034,2933,101,6.99710321426392,3.63042402267456,1.43568003177643,4.94551277160645,-0.0965630188584328
"Boana rosenbergi",-84.214287,9.48362,2990,2996,2985,50866,7541,849,544,20698,3075,35,680,446,3018,2967,51,6.75017595291138,3.07695889472961,1.01767003536224,3.16978096961975,-1.42136800289154
"Boana rosenbergi",-78.752963,9.028143,2993,2997,2991,29952,4770,153,624,12372,800,42,785,249,3021,2968,53,4.59686517715454,0.071344792842865,1.05997002124786,0.78390371799469,-1.79224503040314
"Boana rosenbergi",-83.3926,8.553313,2989,2996,2984,36417,5727,645,548,14733,2459,36,698,463,3022,2971,51,5.33978509902954,1.68625605106354,0.63794082403183,1.3904869556427,-1.52437400817871
"Boana rosenbergi",-84.126305,9.3844,2989,2995,2985,57866,8158,1140,505,22657,4069,29,650,427,3012,2968,44,7.43152809143066,4.20685005187988,0.921965420246124,3.61588907241821,-1.3237669467926
"Boana rosenbergi",-77.624031,2.659348,2985,2989,2983,65535,7974,5033,124,20991,16107,35,778,274,3005,2960,45,9.63282203674316,12.0425300598145,-2.72686100006104,1.10798394680023,4.20205497741699
"Boana rosenbergi",-83.742448,9.159855,2988,2994,2984,64917,8853,1604,471,24912,5436,30,656,394,3013,2968,45,8.22110366821289,5.49899005889893,0.704600512981415,4.13118982315063,-0.713383495807648
"Boana rosenbergi",-83.690114,9.10191,2985,2992,2980,61365,8623,1417,490,23962,4823,35,665,471,3016,2963,53,7.78356122970581,4.88991689682007,0.822951197624207,4.00238513946533,-0.754420280456543
"Boana rosenbergi",-84.083167,9.483644,2985,2991,2980,63985,9064,1281,502,25174,4611,39,678,429,3014,2957,57,7.95888519287109,4.85575819015503,1.10506200790405,4.48303699493408,-0.751859188079834
"Boana rosenbergi",-79.750732,9.132202,2989,2993,2985,27781,4330,239,579,11101,1163,51,803,302,3026,2963,63,4.2395601272583,0.056781180202961,0.813502788543701,0.406750410795212,-1.29156398773193
"Boana rosenbergi",-79.82445,-1.035862,2977,2985,2969,16442,3779,147,991,10136,551,55,769,614,3013,2942,71,3.35437893867493,-1.08380198478699,1.63651704788208,0.250081092119217,-1.25365996360779
"Boana rosenbergi",-83.329772,8.429172,2982,2988,2976,43845,7059,790,557,18008,2970,22,638,473,3003,2968,35,6.16088199615479,2.8741660118103,1.08821201324463,2.27926301956177,-1.99377405643463
"Boana rosenbergi",-82.714654,8.491826,2980,2988,2974,54229,8315,870,556,21680,3411,62,677,545,3038,2947,91,6.66387176513672,3.14983797073364,1.04234302043915,4.11791276931763,-0.359178185462952
"Boana rosenbergi",-82.875168,8.263008,2993,3001,2987,37083,6419,515,617,15750,1927,29,588,548,3023,2973,50,5.46182823181152,1.54274594783783,0.7854865193367,2.02142000198364,-2.15030002593994
"Boana rosenbergi",-79.643631,0.573381,2975,2980,2971,15018,2707,284,763,7826,957,62,869,327,3014,2943,71,3.01172590255737,-0.904265224933624,1.11951804161072,-0.862115919589996,-0.690447211265564
"Boana rosenbergi",-82.944576,8.664363,2984,2989,2979,49733,7442,987,518,19193,3753,58,706,365,3031,2949,82,6.33058977127075,3.08320689201355,0.751350104808807,3.09414100646973,-0.283007889986038
"Boana rosenbergi",-75.547645,7.92562,3001,3011,2995,20638,2865,244,544,8117,1312,69,708,649,3057,2960,97,3.22224998474121,-0.837093770503998,-0.296178787946701,-0.221812203526497,-0.679124474525452
"Boana rosenbergi",-79.231231,0.07541,2969,2974,2965,29050,4943,596,686,14268,2360,58,841,312,3002,2933,69,4.53573513031006,1.12971305847168,1.46796298027039,0.904213190078735,-0.525140881538391
"Boana rosenbergi",-82.448394,8.428681,2993,3008,2982,41920,6860,422,633,17932,1720,74,641,1005,3069,2953,116,5.35924100875854,0.943711578845978,0.53574138879776,3.46215295791626,-0.530153572559357
"Boana rosenbergi",-82.666695,8.491326,2979,2988,2973,56510,8693,854,565,22814,3402,65,675,592,3041,2945,96,6.85292100906372,3.25325298309326,1.13639605045319,4.55079984664917,-0.280514597892761
"Boana rosenbergi",-83.411822,8.739854,2983,2990,2978,40194,6179,697,544,16251,2699,51,690,504,3028,2954,74,5.4009108543396,1.95731401443481,0.728007674217224,2.06840896606445,-0.924207627773285
"Boana rosenbergi",-84.200358,9.976512,2952,2960,2947,26606,4220,386,633,11628,1423,74,692,532,3018,2911,107,3.22834205627441,0.441483408212662,1.21413600444794,0.816009998321533,-0.451406508684158
"Boana rosenbergi",-83.355508,8.514589,2989,2996,2984,39180,6210,705,549,15879,2674,30,659,477,3018,2973,45,5.66504812240601,2.10690999031067,0.695707499980927,1.73176395893097,-1.74039804935455
"Boana rosenbergi",-79.254816,-0.057597,2967,2971,2962,30843,5432,573,719,15706,2350,57,836,333,2999,2931,68,4.77837991714478,1.30121397972107,1.72532105445862,1.34262299537659,-0.604545772075653
"Boana rosenbergi",-83.275667,8.470992,2993,3000,2987,35834,5732,668,549,14594,2501,23,619,505,3016,2979,37,5.39637422561646,1.85431003570557,0.518774926662445,1.26851904392242,-2.09858107566833
"Boana rosenbergi",-83.069894,8.744876,2961,2965,2957,56797,8531,1109,525,22265,4185,56,710,339,3005,2926,79,6.78288412094116,4.23954105377197,1.5619740486145,3.88334798812866,-0.247376397252083
"Boana rosenbergi",-83.155034,8.687311,2974,2979,2970,51895,7731,1092,511,20103,4077,48,694,348,3013,2944,69,6.54383182525635,3.74540710449219,1.04596495628357,3.12652897834778,-0.556669592857361
"Boana rosenbergi",-76.796803,3.84834,2979,2983,2976,65535,7476,3009,238,21220,10872,42,803,282,3004,2952,52,8.40967845916748,8.38591289520264,-0.888713181018829,2.0587100982666,2.03914904594421
"Boana rosenbergi",-76.884897,3.611605,2979,2983,2976,65535,10223,4447,217,29105,15882,41,799,273,3003,2952,51,10.4939002990723,11.9446096420288,-1.50341701507568,3.26619005203247,3.86456394195557
"Boana rosenbergi",-83.444174,8.606189,2989,2997,2984,37402,5857,643,551,15232,2467,42,691,504,3028,2967,61,5.34928607940674,1.6627299785614,0.600171327590942,1.65938901901245,-1.31806695461273
"Boana rosenbergi",-83.859354,9.303771,2981,2986,2976,65535,9960,1892,450,28502,6719,33,679,384,3006,2958,48,8.8411922454834,6.57859802246094,0.896180212497711,4.78671789169312,-0.188829600811005
"Boana rosenbergi",-83.79135,9.212826,2979,2984,2975,65535,9669,1810,458,27463,6321,28,659,374,3002,2959,43,8.64070987701416,6.39023590087891,0.954202473163605,4.55333709716797,-0.517836570739746
"Boana rosenbergi",-81.250333,8.42974,2954,2960,2949,49177,7388,891,551,20111,3235,61,750,429,3004,2923,81,5.90594577789307,3.23211193084717,1.69365000724792,3.10109400749207,-0.304873108863831
"Boana rosenbergi",-80.960537,7.592064,2994,3005,2986,31795,5638,174,689,14173,689,44,588,713,3046,2972,74,4.65787601470947,0.114308498799801,0.723838806152344,1.94685196876526,-2.01687598228455
"Boana rosenbergi",-79.163895,-0.217026,2960,2966,2955,37214,6484,757,694,18611,3038,51,799,395,2990,2926,64,5.45057201385498,2.37597799301147,1.91369605064392,2.12611699104309,-0.677450597286224
"Boana rosenbergi",-82.845215,8.678307,2956,2961,2952,54667,8382,915,550,21717,3572,64,708,369,3009,2919,90,6.3688530921936,3.6778199672699,1.73383700847626,3.93424510955811,-0.201602295041084
"Boana rosenbergi",-80.025024,8.637349,2973,2979,2969,26474,3851,260,580,10661,1125,58,772,381,3019,2944,75,3.67693591117859,0.0963969007134438,0.96012669801712,0.232479006052017,-1.06607902050018
"Boana rosenbergi",-84.614443,9.80198,2992,3000,2986,31101,5205,228,715,14646,874,42,650,535,3033,2969,64,4.71212816238403,0.226621806621552,0.96840238571167,1.61798799037933,-1.91886699199677
"Boana rosenbergi",-77.48983,6.71143,2989,2993,2986,53760,6223,1397,374,17956,5602,39,742,303,3015,2963,52,6.70746612548828,4.33996486663818,0.0519720800220966,1.87027704715729,-0.267680495977402
"Boana rosenbergi",-78.26016,8.256191,2997,3000,2993,21342,3147,179,564,8244,789,38,731,287,3025,2973,52,3.63333296775818,-0.48319599032402,0.378102600574493,-0.626257479190826,-1.93934297561646
"Boana rosenbergi",-83.648422,9.080106,2985,2992,2979,60172,8638,1312,503,23782,4523,42,673,487,3022,2959,63,7.6022047996521,4.53699398040771,0.868687212467194,4.11881399154663,-0.61314332485199
"Boana rosenbergi",-80.117733,-0.108103,2964,2970,2958,11797,2907,90,964,7186,365,49,829,492,2994,2935,59,2.73444700241089,-1.27076399326324,1.87032794952393,-0.861976623535156,-1.42935597896576
"Boana rosenbergi",-83.099122,8.592913,2985,2990,2981,49023,7406,1090,508,19109,4015,43,705,380,3020,2959,61,6.55118179321289,3.43185091018677,0.737460672855377,2.75199508666992,-0.716738104820251
"Boana rosenbergi",-79.2,-1.183333,2956,2964,2945,35355,6712,420,808,19200,1808,49,683,739,2989,2917,72,5.01606798171997,1.67491805553436,2.32942605018616,2.69402098655701,-1.3961089849472
"Boana rosenbergi",-83.464355,8.560866,2980,2986,2975,45005,7075,780,552,18449,2980,40,714,442,3015,2959,56,6.11951398849487,2.67335891723633,1.11294603347778,2.5511679649353,-1.22211599349976
"Boana rosenbergi",-83.272008,8.710681,2968,2973,2964,52468,7829,1026,519,20623,3916,47,700,372,3006,2939,67,6.52400398254395,3.79124903678894,1.30998599529266,3.22930288314819,-0.675304174423218
"Boana rosenbergi",-83.417817,8.584812,2990,2997,2985,35930,5626,627,548,14556,2401,40,700,480,3026,2969,57,5.24041891098022,1.54522204399109,0.578035175800323,1.39436304569244,-1.39301204681396
"Boana rosenbergi",-82.917633,8.657922,2974,2979,2969,51626,7742,988,524,20015,3786,59,705,374,3022,2938,84,6.35382318496704,3.37348198890686,1.0699850320816,3.3418300151825,-0.260168313980103
"Boana rosenbergi",-83.311165,8.771798,2983,2990,2978,47414,7063,897,522,18695,3457,53,678,463,3029,2951,78,6.08506393432617,2.83683204650879,0.726416110992432,2.85110402107239,-0.620718121528625
"Boana rosenbergi",-80.736835,-1.536599,2968,2988,2951,6601,1559,35,1025,4198,122,53,617,1492,3014,2928,86,1.56269001960754,-2.05893707275391,0.95622980594635,-1.21792805194855,-1.61636102199554
"Boana rosenbergi",-82.870392,8.099203,2994,3002,2987,34244,6139,399,653,15319,1538,19,511,564,3015,2978,37,5.22402000427246,1.29474699497223,0.855044424533844,1.79950296878815,-2.7829110622406
"Boana rosenbergi",-82.92139,8.28184,2989,2997,2984,39949,6814,594,604,16764,2209,32,608,511,3021,2968,53,5.70618104934692,1.91943097114563,0.902791023254395,2.32769203186035,-1.92080104351044
"Boana rosenbergi",-81.196461,7.980425,2994,3008,2986,29377,4852,127,661,12604,711,75,617,880,3071,2949,122,3.88468408584595,-0.583440124988556,0.260280787944794,1.87728297710419,-0.828562915325165
"Boana rosenbergi",-80.307907,8.560839,2982,2987,2978,27602,4046,389,552,10905,1459,53,814,351,3021,2956,65,4.10557079315186,0.34895521402359,0.771536529064178,0.171525999903679,-1.04152595996857
"Boana rosenbergi",-80.976377,7.992717,2995,3009,2986,24521,4101,99,675,10566,507,75,632,931,3070,2951,119,3.41940593719482,-1.04351902008057,0.136105597019196,1.19398200511932,-0.831220924854279
"Boana rosenbergi",-83.421998,8.439747,2992,2998,2986,40246,6426,708,558,16674,2685,29,657,461,3019,2975,44,5.85677909851074,2.17890501022339,0.729422688484192,1.94875299930573,-1.78450000286102
"Boana rosenbergi",-83.472438,8.512634,2957,2962,2953,50627,8015,890,554,20916,3387,37,737,361,2988,2938,50,6.49456596374512,3.72706389427185,1.91178798675537,3.11330795288086,-1.20088601112366
"Boana rosenbergi",-79.202824,0.120029,2975,2980,2971,25694,4298,558,666,12365,2181,58,824,337,3008,2938,70,4.16209697723389,0.705453395843506,1.1304680109024,0.377817511558533,-0.582993388175964
"Boana rosenbergi",-79.121844,0.459735,2977,2982,2973,35630,5628,1055,567,15745,3869,55,801,354,3010,2941,69,5.32811307907104,2.45515489578247,0.801416218280792,1.27276301383972,-0.121569097042084
"Boana rosenbergi",-76.874722,5.508611,2985,2989,2981,65535,7528,4758,120,21240,15585,55,788,314,3024,2954,70,9.21288585662842,11.2856302261353,-2.77030396461487,1.41236197948456,4.66811323165894
"Boana rosenbergi",-78.444929,0.886983,2950,2955,2945,57656,6715,3210,207,18698,11538,43,792,376,2978,2924,54,7.41642379760742,8.8038272857666,-0.691698789596558,0.968909680843353,2.34092998504639
"Boana rosenbergi",-79.710449,9.348868,2979,2983,2976,37081,6144,341,590,15101,1596,48,828,292,3012,2954,58,5.24590301513672,1.17648899555206,1.48596596717834,1.68815994262695,-1.29205095767975
"Boana rosenbergi",-76.96709,3.88084,2984,2989,2981,65535,8078,3156,241,22845,11567,40,748,309,3010,2957,53,8.78540802001953,8.82423400878906,-1.10615694522858,2.48413896560669,2.10058903694153
"Boana rosenbergi",-79.286864,9.254725,2981,2985,2977,34331,5339,266,603,14165,1139,56,800,343,3020,2950,70,4.71745920181274,0.6006218791008,1.29969596862793,1.43185603618622,-1.15192604064941
"Boana rosenbergi",-80.741426,-1.597177,2963,2981,2947,7044,1650,38,1019,4455,129,49,623,1352,3005,2927,78,1.6174019575119,-1.86526000499725,1.1706850528717,-1.27250599861145,-1.76000905036926
"Boana rosenbergi",-78.844073,1.268776,2983,2988,2980,30560,4000,1321,344,11052,4679,39,793,304,3011,2962,49,4.84369277954102,2.74748396873474,-0.318964898586273,-0.611059427261353,-0.342409789562225
"Boana rosenbergi",-74.050759,5.90274,2963,2966,2960,33594,4280,1284,353,11274,4925,76,868,251,3003,2916,87,4.35142278671265,2.81150794029236,0.258510410785675,-0.111210100352764,1.11443603038788
"Boana rosenbergi",-79.406775,9.402709,2965,2969,2961,35722,5145,403,558,14307,1679,47,856,317,2994,2939,55,4.7628870010376,1.35904705524445,1.64881002902985,0.987558484077454,-1.22126805782318
"Boana rosenbergi",-83.788643,9.25388,2964,2969,2959,65535,10533,2041,453,30141,7071,33,688,368,2989,2941,48,8.92426490783691,7.24045896530151,1.36529397964478,5.03815889358521,-0.0446847900748253
"Boana rosenbergi",-78.900608,0.226712,2959,2964,2954,41737,6328,1412,476,17075,5105,48,790,377,2987,2926,61,5.74853086471558,4.02815580368042,0.983484923839569,1.4359530210495,0.0353996306657791
"Boana rosenbergi",-78.90952,0.15665,2957,2962,2952,34670,5316,1133,493,14419,4090,49,808,380,2984,2924,60,4.91564798355103,2.98980689048767,1.0833820104599,0.633855223655701,-0.257862687110901
"Boana rosenbergi",-78.75892,-0.025872,2907,2911,2903,35702,5193,1144,454,14469,4265,50,858,296,2935,2877,58,4.25046014785767,3.91214895248413,2.28081393241882,0.251545697450638,-0.148515105247498
"Boana rosenbergi",-84.208581,9.520631,2989,2995,2984,52227,7804,849,551,21428,3093,38,689,431,3020,2965,55,6.87869691848755,3.14737796783447,1.10181796550751,3.44259691238403,-1.30278396606445
"Boana rosenbergi",-79.205603,-0.837631,2951,2959,2941,45923,8067,855,720,23324,3484,46,693,720,2983,2917,66,6.22466421127319,3.50174808502197,2.31268000602722,3.64207410812378,-0.943934321403503
"Boana rosenbergi",-79.3134,9.257216,2973,2977,2969,35122,5402,281,599,14402,1187,57,796,335,3013,2942,71,4.64293003082275,0.797252118587494,1.48413801193237,1.47701799869537,-1.11159896850586
"Boana rosenbergi",-74.065343,5.956132,2973,2975,2969,38731,4836,1451,346,12916,5653,76,878,244,3013,2927,86,5.04774618148804,3.33500099182129,0.0145385200157762,0.398446202278137,1.37747097015381
"Boana rosenbergi",-76.87268,3.53447,2960,2964,2958,65535,10397,4804,207,29495,16847,44,822,239,2985,2932,53,10.4597101211548,12.8828096389771,-1.27397799491882,3.10352301597595,4.43066310882568
"Boana rosenbergi",-78.452968,8.79103,2958,2962,2954,32545,5095,210,595,13446,995,57,753,309,3000,2925,75,4.06775808334351,0.774763882160187,1.73953998088837,1.18181002140045,-1.25945603847504
"Boana rosenbergi",-78.968293,0.027371,2942,2948,2938,39948,6400,1143,555,17630,4220,50,811,361,2970,2909,61,5.37805700302124,3.6257541179657,1.80797898769379,1.5918060541153,-0.231089502573013
"Boana rosenbergi",-79.5957,9.420246,2976,2980,2973,38553,6024,414,568,15506,1827,42,845,284,3003,2953,50,5.38336896896362,1.53075802326202,1.54953300952911,1.54966497421265,-1.40069997310638
"Boana rosenbergi",-77.193611,8.024778,2976,2981,2972,40636,4496,943,414,13462,3288,63,774,365,3021,2940,81,4.79212522506714,2.19634795188904,0.318740397691727,0.845060229301453,-0.0460686907172203
"Boana rosenbergi",-77.215231,8.038469,2941,2944,2937,46724,5153,1082,415,15396,3784,63,813,279,2983,2905,78,4.88608407974243,3.42508101463318,1.3501969575882,1.19124495983124,0.152749001979828
"Boana rosenbergi",-79.527266,0.899063,2963,2967,2960,17224,2705,411,636,8056,1474,56,868,264,2998,2933,65,3.03328990936279,-0.0888804271817207,1.15883696079254,-1.11173796653748,-0.769055902957916
"Boana rosenbergi",-76.604245,5.508735,2988,2992,2985,65535,7741,5115,122,22043,15990,57,820,283,3024,2955,69,9.53457641601562,11.7365303039551,-2.9120409488678,1.43507301807404,5.10567998886108
"Boana rosenbergi",-79.623142,9.029001,2992,2996,2988,23889,3434,160,600,9640,793,45,772,306,3027,2969,58,3.82108092308044,-0.424580305814743,0.638572871685028,-0.182950899004936,-1.64079594612122
"Boana rosenbergi",-76.56972,7.935278,2984,2987,2982,31331,3823,974,349,10018,3408,55,868,201,3017,2954,63,4.47936296463013,1.77434301376343,0.00226052990183234,-0.491447389125824,-0.132151901721954
"Boana rosenbergi",-79.729841,9.184803,2984,2988,2980,34519,5459,298,582,13814,1431,54,805,296,3022,2955,67,4.84046697616577,0.718721210956573,1.16039204597473,1.36280202865601,-1.13814997673035
"Boana rosenbergi",-83.474017,8.851681,2986,2995,2980,39405,6136,638,558,16176,2449,58,677,584,3039,2953,86,5.25895023345947,1.61279499530792,0.598521709442139,2.24147295951843,-0.768088221549988
"Boana rosenbergi",-80.084753,0.71641,2978,2985,2971,10113,1990,160,779,5330,542,23,600,545,2998,2959,39,2.46370506286621,-0.956670880317688,0.766216695308685,-1.666424036026,-2.65040898323059
"Boana rosenbergi",-83.301693,8.488915,2992,2999,2987,38492,6138,709,549,15637,2667,25,637,473,3017,2978,39,5.67896890640259,2.09869599342346,0.612399220466614,1.61460399627686,-1.95195698738098
"Boana rosenbergi",-76.617778,5.319722,2986,2990,2983,65535,7704,5305,102,22072,16994,55,808,303,3022,2954,68,9.63794612884521,12.2896499633789,-3.13201093673706,1.26835203170776,5.34849786758423
"Boana rosenbergi",-74.354028,7.117417,2988,2991,2983,30630,3640,552,432,10665,2709,72,856,328,3035,2951,84,4.13339805603027,0.740172684192657,0.157139897346497,0.0688220337033272,0.0636410415172577
"Boana rosenbergi",-83.397217,8.494105,2984,2991,2979,44144,7006,783,552,18036,2975,32,685,452,3013,2967,46,6.16125202178955,2.67302989959717,0.997533023357391,2.37855410575867,-1.55464398860931
"Boana rosenbergi",-76.961111,7.633056,2997,3005,2991,28867,3285,768,386,9682,2680,64,738,544,3046,2959,87,3.97978496551514,0.819302916526794,-0.570722222328186,-0.173947498202324,-0.248028799891472
"Boana rosenbergi",-77.739979,8.023914,2989,2994,2985,29935,3906,420,521,11003,1620,64,760,350,3036,2952,84,4.02740621566772,0.301270514726639,0.363564699888229,0.446987509727478,-0.660970985889435
"Boana rosenbergi",-77.963217,8.458222,2991,2998,2986,26703,3540,263,544,9830,1107,62,752,468,3039,2957,82,3.71485304832458,-0.257994204759598,0.328065514564514,0.179059892892838,-0.935411810874939
"Boana rosenbergi",-77.11445,8.35607,2997,2999,2994,28944,3511,655,419,10032,2345,49,885,194,3024,2969,55,4.46287822723389,0.825644373893738,0.115884996950626,-0.501456677913666,-0.731349170207977
"Boana rosenbergi",-76.833019,8.579115,3000,3002,2998,23500,2832,493,436,8216,1781,30,811,157,3017,2980,37,4.06181716918945,0.364233613014221,0.0293563399463892,-1.21151101589203,-1.72524094581604
"Boana rosenbergi",-77.156944,8.025,2974,2979,2969,34184,3851,804,410,11449,2807,61,787,384,3017,2939,78,4.21386098861694,1.60826694965363,0.331854790449142,0.154265895485878,-0.270901501178741
"Boana rosenbergi",-79.660835,-1.248566,2974,2982,2964,21623,4789,158,972,13120,627,52,727,710,3009,2938,71,3.87894296646118,-0.480567306280136,1.8935170173645,1.15500497817993,-1.46846902370453
"Boana rosenbergi",-78.83005,1.313496,2984,2989,2981,30059,3959,1295,345,10871,4597,40,795,318,3012,2962,50,4.79302310943604,2.64222502708435,-0.331199109554291,-0.636324286460876,-0.335883498191833
"Boana rosenbergi",-77.347694,2.76775,2986,2991,2983,65535,8732,6143,124,25446,19004,40,771,316,3008,2956,52,10.6494798660278,14.1634998321533,-3.36972498893738,1.52326703071594,5.67781496047974
"Boana rosenbergi",-76.59398,7.52509,2989,2995,2985,40739,4881,1201,367,13793,4197,64,796,388,3033,2953,80,5.27892780303955,2.60095906257629,-0.21246400475502,0.893180072307587,0.365925908088684
"Boana rosenbergi",-74.23162,8.41318,2956,2960,2952,39194,5618,291,583,15759,2010,63,818,307,2998,2921,77,4.69558811187744,1.49185001850128,1.87875497341156,1.74725604057312,-0.720493674278259
"Boana rosenbergi",-75.374567,7.50935,2989,2994,2985,38140,5120,593,526,14931,2577,68,813,368,3033,2949,84,5.03468608856201,1.28812301158905,0.627841114997864,1.50298500061035,-0.191765293478966
"Boana rosenbergi",-74.135925,8.242637,2943,2947,2939,30182,4125,249,561,11510,1554,65,791,325,2988,2906,82,3.40632104873657,0.87407648563385,1.76991605758667,0.401380002498627,-0.750128626823425
"Boana rosenbergi",-82.82908,8.732578,2957,2962,2952,49393,7765,786,569,20000,3067,66,708,390,3012,2919,93,5.83950996398926,3.01077795028687,1.67024302482605,3.45212197303772,-0.28553581237793
"Boana rosenbergi",-79.234945,0.613553,2968,2973,2965,27865,4543,795,610,12936,2787,59,835,302,3006,2935,71,4.36128711700439,1.37434196472168,1.05341398715973,0.426659286022186,-0.264500796794891
"Boana rosenbergi",-84.659947,9.699553,2992,2999,2987,29570,5003,192,730,14192,731,27,616,475,3019,2975,44,4.6906042098999,0.279207408428192,1.09025096893311,1.25291001796722,-2.56944704055786
"Boana rosenbergi",-78.581,0.91039,2948,2953,2944,65535,8428,3844,233,23526,13665,43,790,367,2976,2922,54,8.77000331878662,10.7045497894287,-0.707386314868927,2.14914703369141,3.14027190208435
"Boana rosenbergi",-80.7548,-1.787382,2967,2990,2947,5935,1398,34,1007,3700,110,39,488,1722,3010,2930,80,1.36640799045563,-1.87156903743744,0.721210181713104,-1.34602904319763,-2.32390904426575
